{
    "input_path": "/root/.paddlex/temp/tmpewx1ekcn.png",
    "dt_polys": [
        [
            [
                21,
                183
            ],
            [
                268,
                183
            ],
            [
                268,
                236
            ],
            [
                21,
                236
            ]
        ],
        [
            [
                23,
                256
            ],
            [
                150,
                255
            ],
            [
                150,
                265
            ],
            [
                23,
                266
            ]
        ],
        [
            [
                169,
                258
            ],
            [
                266,
                258
            ],
            [
                266,
                265
            ],
            [
                169,
                265
            ]
        ],
        [
            [
                51,
                268
            ],
            [
                122,
                268
            ],
            [
                122,
                275
            ],
            [
                51,
                275
            ]
        ],
        [
            [
                179,
                269
            ],
            [
                238,
                269
            ],
            [
                238,
                276
            ],
            [
                179,
                276
            ]
        ]
    ],
    "dt_scores": [
        0.9864737912673324,
        0.9884393119141294,
        0.9898615029891501,
        0.7539305412928484,
        0.9052233724619388
    ],
    "rec_text": [
        "ORTHOS",
        "Centre de Traumatologie-Orthopedie",
        "Jolegll g glbhsll Aalp jSso",
        "et Chirurgie du Sport",
        "Aull Aalpll g"
    ],
    "rec_score": [
        0.9891166687011719,
        0.9685561060905457,
        0.8077465295791626,
        0.9658974409103394,
        0.6797469258308411
    ]
}