{
    "input_path": "./input/moon.jpeg",
    "dt_polys": [
        [
            [
                299,
                593
            ],
            [
                380,
                598
            ],
            [
                377,
                635
            ],
            [
                297,
                629
            ]
        ],
        [
            [
                172,
                663
            ],
            [
                570,
                663
            ],
            [
                570,
                728
            ],
            [
                172,
                728
            ]
        ],
        [
            [
                168,
                739
            ],
            [
                414,
                742
            ],
            [
                414,
                770
            ],
            [
                168,
                767
            ]
        ]
    ],
    "dt_scores": [
        0.8032002760857436,
        0.9501761223437568,
        0.6112747696108592
    ],
    "rec_text": [
        "h",
        "ACHARGUI",
        "chirurgien orthopeique"
    ],
    "rec_score": [
        0.8877885937690735,
        0.9970504641532898,
        0.9774531722068787
    ]
}